feature_id,feature_name,module,priority,actor,dependencies,business_rules,workflows,acceptance_ids,test_scenario_ids
FR-IAM-01,Đăng nhập,M01,Must,"SV, NV, QL",,BR-01;BR-11,,AC-IAM-01-01;AC-IAM-01-02;AC-IAM-01-03;AC-IAM-01-04;AC-IAM-01-05,TS-IAM-01-01;TS-IAM-01-02;TS-IAM-01-03;TS-IAM-01-04;TS-IAM-01-05
FR-IAM-02,Đăng xuất,M01,Must,"SV, NV, QL",FR-IAM-01,BR-01;BR-11,,AC-IAM-02-01;AC-IAM-02-02;AC-IAM-02-03;AC-IAM-02-04,TS-IAM-02-01;TS-IAM-02-02;TS-IAM-02-03;TS-IAM-02-04
FR-IAM-03,Kiểm soát quyền truy cập,M01,Must,Hệ thống,FR-IAM-01,BR-01;BR-02,,AC-IAM-03-01;AC-IAM-03-02;AC-IAM-03-03;AC-IAM-03-04;AC-IAM-03-05;AC-IAM-03-06,TS-IAM-03-01;TS-IAM-03-02;TS-IAM-03-03;TS-IAM-03-04;TS-IAM-03-05;TS-IAM-03-06
FR-STU-01,Xem danh sách yêu cầu của tôi,M02,Must,SV,FR-IAM-03;FR-STU-02,BR-01;BR-12,WF-01,AC-STU-01-01;AC-STU-01-02;AC-STU-01-03;AC-STU-01-04;AC-STU-01-05,TS-STU-01-01;TS-STU-01-02;TS-STU-01-03;TS-STU-01-04;TS-STU-01-05
FR-STU-02,Sinh viên gửi yêu cầu hỗ trợ,M02,Must,SV,FR-IAM-03,BR-03;BR-08;BR-09;BR-10,WF-01,AC-STU-02-01;AC-STU-02-02;AC-STU-02-03;AC-STU-02-04;AC-STU-02-05;AC-STU-02-06;AC-STU-02-07,TS-STU-02-01;TS-STU-02-02;TS-STU-02-03;TS-STU-02-04;TS-STU-02-05;TS-STU-02-06;TS-STU-02-07
FR-STU-03,Xem chi tiết và tiến độ yêu cầu của tôi,M02,Must,SV,FR-STU-02;FR-IAM-03,BR-01;BR-04;BR-07,WF-01;WF-03;WF-06,AC-STU-03-01;AC-STU-03-02;AC-STU-03-03;AC-STU-03-04;AC-STU-03-05;AC-STU-03-06,TS-STU-03-01;TS-STU-03-02;TS-STU-03-03;TS-STU-03-04;TS-STU-03-05;TS-STU-03-06
FR-TKT-01,Xem hàng chờ và tìm kiếm Ticket,M03,Must,"NV, QL",FR-IAM-03;FR-STU-02,BR-01;BR-02;BR-12,WF-02;WF-04,AC-TKT-01-01;AC-TKT-01-02;AC-TKT-01-03;AC-TKT-01-04;AC-TKT-01-05,TS-TKT-01-01;TS-TKT-01-02;TS-TKT-01-03;TS-TKT-01-04;TS-TKT-01-05
FR-TKT-02,Điều chỉnh loại vấn đề của Ticket,M03,Must,QL,FR-TKT-01,BR-05;BR-08;BR-09;BR-10,,AC-TKT-02-01;AC-TKT-02-02;AC-TKT-02-03;AC-TKT-02-04;AC-TKT-02-05,TS-TKT-02-01;TS-TKT-02-02;TS-TKT-02-03;TS-TKT-02-04;TS-TKT-02-05
FR-TKT-03,Xem chi tiết Ticket nội bộ,M03,Must,"NV, QL",FR-TKT-01;FR-IAM-03,BR-01;BR-02;BR-04,WF-02;WF-04;WF-05,AC-TKT-03-01;AC-TKT-03-02;AC-TKT-03-03;AC-TKT-03-04;AC-TKT-03-05,TS-TKT-03-01;TS-TKT-03-02;TS-TKT-03-03;TS-TKT-03-04;TS-TKT-03-05
FR-TKT-04,Xem lịch sử nghiệp vụ Ticket,M03,Must,"SV, NV, QL",FR-STU-02;FR-IAM-03,BR-01;BR-08,,AC-TKT-04-01;AC-TKT-04-02;AC-TKT-04-03;AC-TKT-04-04;AC-TKT-04-05,TS-TKT-04-01;TS-TKT-04-02;TS-TKT-04-03;TS-TKT-04-04;TS-TKT-04-05
FR-OPS-01,Nhận Ticket từ hàng chờ,M04,Must,NV,FR-TKT-01,BR-02;BR-04;BR-09;BR-10,WF-02,AC-OPS-01-01;AC-OPS-01-02;AC-OPS-01-03;AC-OPS-01-04;AC-OPS-01-05,TS-OPS-01-01;TS-OPS-01-02;TS-OPS-01-03;TS-OPS-01-04;TS-OPS-01-05
FR-OPS-02,Bắt đầu xử lý Ticket được phân công,M04,Must,NV,FR-ASG-01,BR-02;BR-04;BR-09;BR-10,WF-02;WF-04,AC-OPS-02-01;AC-OPS-02-02;AC-OPS-02-03;AC-OPS-02-04;AC-OPS-02-05,TS-OPS-02-01;TS-OPS-02-02;TS-OPS-02-03;TS-OPS-02-04;TS-OPS-02-05
FR-OPS-03,Ghi cập nhật tiến độ xử lý,M04,Must,NV,FR-OPS-02,BR-02;BR-08;BR-09;BR-10,WF-02,AC-OPS-03-01;AC-OPS-03-02;AC-OPS-03-03;AC-OPS-03-04;AC-OPS-03-05,TS-OPS-03-01;TS-OPS-03-02;TS-OPS-03-03;TS-OPS-03-04;TS-OPS-03-05
FR-OPS-04,Hoàn tất xử lý Ticket,M04,Must,NV,FR-OPS-02,BR-04;BR-07;BR-08;BR-09;BR-10,WF-05;WF-06,AC-OPS-04-01;AC-OPS-04-02;AC-OPS-04-03;AC-OPS-04-04;AC-OPS-04-05;AC-OPS-04-06,TS-OPS-04-01;TS-OPS-04-02;TS-OPS-04-03;TS-OPS-04-04;TS-OPS-04-05;TS-OPS-04-06
FR-OPS-05,Từ chối xử lý Ticket,M04,Must,NV,FR-OPS-02,BR-04;BR-07;BR-08;BR-09;BR-10,WF-05;WF-06,AC-OPS-05-01;AC-OPS-05-02;AC-OPS-05-03;AC-OPS-05-04;AC-OPS-05-05;AC-OPS-05-06,TS-OPS-05-01;TS-OPS-05-02;TS-OPS-05-03;TS-OPS-05-04;TS-OPS-05-05;TS-OPS-05-06
FR-ASG-01,Phân công người phụ trách Ticket,M05,Must,QL,FR-TKT-01,BR-02;BR-04;BR-09;BR-10,WF-02;WF-04,AC-ASG-01-01;AC-ASG-01-02;AC-ASG-01-03;AC-ASG-01-04;AC-ASG-01-05;AC-ASG-01-06,TS-ASG-01-01;TS-ASG-01-02;TS-ASG-01-03;TS-ASG-01-04;TS-ASG-01-05;TS-ASG-01-06
FR-ASG-02,Đổi người phụ trách Ticket,M05,Must,QL,FR-ASG-01,BR-02;BR-05;BR-09;BR-10,,AC-ASG-02-01;AC-ASG-02-02;AC-ASG-02-03;AC-ASG-02-04;AC-ASG-02-05;AC-ASG-02-06,TS-ASG-02-01;TS-ASG-02-02;TS-ASG-02-03;TS-ASG-02-04;TS-ASG-02-05;TS-ASG-02-06
FR-ASG-03,Chuyển Ticket sang phòng ban khác,M05,Must,QL,FR-TKT-01,BR-01;BR-05;BR-06;BR-09;BR-10,WF-04,AC-ASG-03-01;AC-ASG-03-02;AC-ASG-03-03;AC-ASG-03-04;AC-ASG-03-05;AC-ASG-03-06;AC-ASG-03-07,TS-ASG-03-01;TS-ASG-03-02;TS-ASG-03-03;TS-ASG-03-04;TS-ASG-03-05;TS-ASG-03-06;TS-ASG-03-07
FR-COM-01,Yêu cầu sinh viên bổ sung thông tin,M06,Must,NV,FR-OPS-02,BR-04;BR-07;BR-09;BR-10,WF-03,AC-COM-01-01;AC-COM-01-02;AC-COM-01-03;AC-COM-01-04;AC-COM-01-05,TS-COM-01-01;TS-COM-01-02;TS-COM-01-03;TS-COM-01-04;TS-COM-01-05
FR-COM-02,Sinh viên trả lời yêu cầu bổ sung,M06,Must,SV,FR-COM-01,BR-04;BR-07;BR-09;BR-10,WF-03,AC-COM-02-01;AC-COM-02-02;AC-COM-02-03;AC-COM-02-04;AC-COM-02-05;AC-COM-02-06,TS-COM-02-01;TS-COM-02-02;TS-COM-02-03;TS-COM-02-04;TS-COM-02-05;TS-COM-02-06
FR-COM-03,Xem hội thoại bổ sung của Ticket,M06,Must,"SV, NV, QL",FR-COM-01;FR-IAM-03,BR-01;BR-07;BR-12,,AC-COM-03-01;AC-COM-03-02;AC-COM-03-03;AC-COM-03-04;AC-COM-03-05,TS-COM-03-01;TS-COM-03-02;TS-COM-03-03;TS-COM-03-04;TS-COM-03-05
FR-NOT-01,Tạo thông báo trong ứng dụng theo sự kiện,M07,Must,Hệ thống,FR-STU-02,BR-08;BR-13,WF-01;WF-02;WF-03;WF-04;WF-05;WF-06,AC-NOT-01-01;AC-NOT-01-02;AC-NOT-01-03;AC-NOT-01-04;AC-NOT-01-05;AC-NOT-01-06,TS-NOT-01-01;TS-NOT-01-02;TS-NOT-01-03;TS-NOT-01-04;TS-NOT-01-05;TS-NOT-01-06
FR-NOT-02,Xem danh sách thông báo của tôi,M07,Must,"SV, NV, QL",FR-NOT-01;FR-IAM-03,BR-01;BR-13,,AC-NOT-02-01;AC-NOT-02-02;AC-NOT-02-03;AC-NOT-02-04;AC-NOT-02-05,TS-NOT-02-01;TS-NOT-02-02;TS-NOT-02-03;TS-NOT-02-04;TS-NOT-02-05
FR-NOT-03,Đánh dấu một thông báo đã đọc,M07,Must,"SV, NV, QL",FR-NOT-02,BR-01;BR-13,,AC-NOT-03-01;AC-NOT-03-02;AC-NOT-03-03;AC-NOT-03-04;AC-NOT-03-05,TS-NOT-03-01;TS-NOT-03-02;TS-NOT-03-03;TS-NOT-03-04;TS-NOT-03-05
FR-SLA-01,Tính hạn xử lý khi tạo Ticket,M08,Must,Hệ thống,FR-STU-02,BR-03;BR-14,WF-01,AC-SLA-01-01;AC-SLA-01-02;AC-SLA-01-03;AC-SLA-01-04;AC-SLA-01-05,TS-SLA-01-01;TS-SLA-01-02;TS-SLA-01-03;TS-SLA-01-04;TS-SLA-01-05
FR-SLA-02,Điều chỉnh hạn xử lý Ticket,M08,Must,QL,FR-SLA-01;FR-TKT-01,BR-05;BR-09;BR-10;BR-14,,AC-SLA-02-01;AC-SLA-02-02;AC-SLA-02-03;AC-SLA-02-04;AC-SLA-02-05;AC-SLA-02-06,TS-SLA-02-01;TS-SLA-02-02;TS-SLA-02-03;TS-SLA-02-04;TS-SLA-02-05;TS-SLA-02-06
FR-SLA-03,Xác định và hiển thị Ticket quá hạn,M08,Must,Hệ thống,FR-SLA-01;FR-NOT-01,BR-04;BR-13;BR-14,,AC-SLA-03-01;AC-SLA-03-02;AC-SLA-03-03;AC-SLA-03-04;AC-SLA-03-05;AC-SLA-03-06,TS-SLA-03-01;TS-SLA-03-02;TS-SLA-03-03;TS-SLA-03-04;TS-SLA-03-05;TS-SLA-03-06
FR-FDB-01,Sinh viên xác nhận đóng Ticket,M09,Must,SV,FR-OPS-04;FR-OPS-05;FR-STU-03,BR-04;BR-07;BR-09;BR-10,WF-06,AC-FDB-01-01;AC-FDB-01-02;AC-FDB-01-03;AC-FDB-01-04;AC-FDB-01-05;AC-FDB-01-06,TS-FDB-01-01;TS-FDB-01-02;TS-FDB-01-03;TS-FDB-01-04;TS-FDB-01-05;TS-FDB-01-06
FR-FDB-02,Sinh viên gửi đánh giá mức hài lòng,M09,Must,SV,FR-FDB-01,BR-07;BR-09;BR-10,WF-06,AC-FDB-02-01;AC-FDB-02-02;AC-FDB-02-03;AC-FDB-02-04;AC-FDB-02-05;AC-FDB-02-06,TS-FDB-02-01;TS-FDB-02-02;TS-FDB-02-03;TS-FDB-02-04;TS-FDB-02-05;TS-FDB-02-06
FR-RPT-01,Thống kê Ticket theo trạng thái,M10,Must,QL,FR-STU-02;FR-FDB-01,BR-01;BR-12;BR-15,,AC-RPT-01-01;AC-RPT-01-02;AC-RPT-01-03;AC-RPT-01-04;AC-RPT-01-05,TS-RPT-01-01;TS-RPT-01-02;TS-RPT-01-03;TS-RPT-01-04;TS-RPT-01-05
FR-RPT-02,Xem danh sách Ticket quá hạn đang mở,M10,Must,QL,FR-SLA-03,BR-01;BR-12;BR-15,,AC-RPT-02-01;AC-RPT-02-02;AC-RPT-02-03;AC-RPT-02-04;AC-RPT-02-05,TS-RPT-02-01;TS-RPT-02-02;TS-RPT-02-03;TS-RPT-02-04;TS-RPT-02-05
FR-RPT-03,Tính thời gian giải quyết thành công trung bình,M10,Must,QL,FR-OPS-04;FR-FDB-01,BR-01;BR-12;BR-15,,AC-RPT-03-01;AC-RPT-03-02;AC-RPT-03-03;AC-RPT-03-04;AC-RPT-03-05;AC-RPT-03-06,TS-RPT-03-01;TS-RPT-03-02;TS-RPT-03-03;TS-RPT-03-04;TS-RPT-03-05;TS-RPT-03-06
FR-RPT-04,Thống kê Ticket theo loại vấn đề,M10,Must,QL,FR-TKT-02;FR-ASG-03,BR-01;BR-12;BR-15,,AC-RPT-04-01;AC-RPT-04-02;AC-RPT-04-03;AC-RPT-04-04;AC-RPT-04-05,TS-RPT-04-01;TS-RPT-04-02;TS-RPT-04-03;TS-RPT-04-04;TS-RPT-04-05
FR-RPT-05,Thống kê tải công việc theo nhân viên,M10,Must,QL,FR-ASG-01;FR-ASG-02;FR-ASG-03,BR-01;BR-12;BR-15,,AC-RPT-05-01;AC-RPT-05-02;AC-RPT-05-03;AC-RPT-05-04;AC-RPT-05-05;AC-RPT-05-06,TS-RPT-05-01;TS-RPT-05-02;TS-RPT-05-03;TS-RPT-05-04;TS-RPT-05-05;TS-RPT-05-06
FR-RPT-06,Thống kê mức hài lòng của sinh viên,M10,Must,QL,FR-FDB-02,BR-01;BR-12;BR-15,,AC-RPT-06-01;AC-RPT-06-02;AC-RPT-06-03;AC-RPT-06-04;AC-RPT-06-05;AC-RPT-06-06;AC-RPT-06-07,TS-RPT-06-01;TS-RPT-06-02;TS-RPT-06-03;TS-RPT-06-04;TS-RPT-06-05;TS-RPT-06-06;TS-RPT-06-07
